"Statistic Label","Month","Domestic or Import Source","UNIT","VALUE"
"Intake of Cows Milk by Milk Processors and Co-Ops","1975 January","Domestic","Million Litres","55.8"
"Intake of Cows Milk by Milk Processors and Co-Ops","1975 February","Domestic","Million Litres","84.4"
"Intake of Cows Milk by Milk Processors and Co-Ops","1975 March","Domestic","Million Litres","193.3"
"Intake of Cows Milk by Milk Processors and Co-Ops","1975 April","Domestic","Million Litres","327.5"
"Intake of Cows Milk by Milk Processors and Co-Ops","1975 May","Domestic","Million Litres","493.5"
"Intake of Cows Milk by Milk Processors and Co-Ops","1975 June","Domestic","Million Litres","494.4"
"Intake of Cows Milk by Milk Processors and Co-Ops","1975 July","Domestic","Million Litres","445.3"
"Intake of Cows Milk by Milk Processors and Co-Ops","1975 August","Domestic","Million Litres","411.5"
"Intake of Cows Milk by Milk Processors and Co-Ops","1975 September","Domestic","Million Litres","310.8"
"Intake of Cows Milk by Milk Processors and Co-Ops","1975 October","Domestic","Million Litres","216.5"
"Intake of Cows Milk by Milk Processors and Co-Ops","1975 November","Domestic","Million Litres","110.5"
"Intake of Cows Milk by Milk Processors and Co-Ops","1975 December","Domestic","Million Litres","68.5"
"Intake of Cows Milk by Milk Processors and Co-Ops","1976 January","Domestic","Million Litres","65.4"
"Intake of Cows Milk by Milk Processors and Co-Ops","1976 February","Domestic","Million Litres","102.7"
"Intake of Cows Milk by Milk Processors and Co-Ops","1976 March","Domestic","Million Litres","222.8"
"Intake of Cows Milk by Milk Processors and Co-Ops","1976 April","Domestic","Million Litres","388.4"
"Intake of Cows Milk by Milk Processors and Co-Ops","1976 May","Domestic","Million Litres","550.5"
"Intake of Cows Milk by Milk Processors and Co-Ops","1976 June","Domestic","Million Litres","541.5"
"Intake of Cows Milk by Milk Processors and Co-Ops","1976 July","Domestic","Million Litres","496.9"
"Intake of Cows Milk by Milk Processors and Co-Ops","1976 August","Domestic","Million Litres","433.8"
"Intake of Cows Milk by Milk Processors and Co-Ops","1976 September","Domestic","Million Litres","307.3"
"Intake of Cows Milk by Milk Processors and Co-Ops","1976 October","Domestic","Million Litres","213.9"
"Intake of Cows Milk by Milk Processors and Co-Ops","1976 November","Domestic","Million Litres","114.1"
"Intake of Cows Milk by Milk Processors and Co-Ops","1976 December","Domestic","Million Litres","67.1"
"Intake of Cows Milk by Milk Processors and Co-Ops","1977 January","Domestic","Million Litres","66.7"
"Intake of Cows Milk by Milk Processors and Co-Ops","1977 February","Domestic","Million Litres","113.7"
"Intake of Cows Milk by Milk Processors and Co-Ops","1977 March","Domestic","Million Litres","236.9"
"Intake of Cows Milk by Milk Processors and Co-Ops","1977 April","Domestic","Million Litres","399.8"
"Intake of Cows Milk by Milk Processors and Co-Ops","1977 May","Domestic","Million Litres","567.1"
"Intake of Cows Milk by Milk Processors and Co-Ops","1977 June","Domestic","Million Litres","581.6"
"Intake of Cows Milk by Milk Processors and Co-Ops","1977 July","Domestic","Million Litres","535.4"
"Intake of Cows Milk by Milk Processors and Co-Ops","1977 August","Domestic","Million Litres","458.9"
"Intake of Cows Milk by Milk Processors and Co-Ops","1977 September","Domestic","Million Litres","361.5"
"Intake of Cows Milk by Milk Processors and Co-Ops","1977 October","Domestic","Million Litres","273.7"
"Intake of Cows Milk by Milk Processors and Co-Ops","1977 November","Domestic","Million Litres","133.2"
"Intake of Cows Milk by Milk Processors and Co-Ops","1977 December","Domestic","Million Litres","81"
"Intake of Cows Milk by Milk Processors and Co-Ops","1978 January","Domestic","Million Litres","86.3"
"Intake of Cows Milk by Milk Processors and Co-Ops","1978 February","Domestic","Million Litres","139.2"
"Intake of Cows Milk by Milk Processors and Co-Ops","1978 March","Domestic","Million Litres","289.2"
"Intake of Cows Milk by Milk Processors and Co-Ops","1978 April","Domestic","Million Litres","459.3"
"Intake of Cows Milk by Milk Processors and Co-Ops","1978 May","Domestic","Million Litres","640.2"
"Intake of Cows Milk by Milk Processors and Co-Ops","1978 June","Domestic","Million Litres","637"
"Intake of Cows Milk by Milk Processors and Co-Ops","1978 July","Domestic","Million Litres","582.3"
"Intake of Cows Milk by Milk Processors and Co-Ops","1978 August","Domestic","Million Litres","516.2"
"Intake of Cows Milk by Milk Processors and Co-Ops","1978 September","Domestic","Million Litres","436.2"
"Intake of Cows Milk by Milk Processors and Co-Ops","1978 October","Domestic","Million Litres","320.6"
"Intake of Cows Milk by Milk Processors and Co-Ops","1978 November","Domestic","Million Litres","167.1"
"Intake of Cows Milk by Milk Processors and Co-Ops","1978 December","Domestic","Million Litres","89.3"
"Intake of Cows Milk by Milk Processors and Co-Ops","1979 January","Domestic","Million Litres","96.3"
"Intake of Cows Milk by Milk Processors and Co-Ops","1979 February","Domestic","Million Litres","168.3"
"Intake of Cows Milk by Milk Processors and Co-Ops","1979 March","Domestic","Million Litres","327.7"
"Intake of Cows Milk by Milk Processors and Co-Ops","1979 April","Domestic","Million Litres","462.5"
"Intake of Cows Milk by Milk Processors and Co-Ops","1979 May","Domestic","Million Litres","660.3"
"Intake of Cows Milk by Milk Processors and Co-Ops","1979 June","Domestic","Million Litres","659.7"
"Intake of Cows Milk by Milk Processors and Co-Ops","1979 July","Domestic","Million Litres","625.1"
"Intake of Cows Milk by Milk Processors and Co-Ops","1979 August","Domestic","Million Litres","526.9"
"Intake of Cows Milk by Milk Processors and Co-Ops","1979 September","Domestic","Million Litres","430"
"Intake of Cows Milk by Milk Processors and Co-Ops","1979 October","Domestic","Million Litres","304.5"
"Intake of Cows Milk by Milk Processors and Co-Ops","1979 November","Domestic","Million Litres","135.4"
"Intake of Cows Milk by Milk Processors and Co-Ops","1979 December","Domestic","Million Litres","81.4"
"Intake of Cows Milk by Milk Processors and Co-Ops","1980 January","Domestic","Million Litres","94.5"
"Intake of Cows Milk by Milk Processors and Co-Ops","1980 February","Domestic","Million Litres","169.1"
"Intake of Cows Milk by Milk Processors and Co-Ops","1980 March","Domestic","Million Litres","319.8"
"Intake of Cows Milk by Milk Processors and Co-Ops","1980 April","Domestic","Million Litres","506.7"
"Intake of Cows Milk by Milk Processors and Co-Ops","1980 May","Domestic","Million Litres","690.6"
"Intake of Cows Milk by Milk Processors and Co-Ops","1980 June","Domestic","Million Litres","655.2"
"Intake of Cows Milk by Milk Processors and Co-Ops","1980 July","Domestic","Million Litres","605.7"
"Intake of Cows Milk by Milk Processors and Co-Ops","1980 August","Domestic","Million Litres","516.7"
"Intake of Cows Milk by Milk Processors and Co-Ops","1980 September","Domestic","Million Litres","402.6"
"Intake of Cows Milk by Milk Processors and Co-Ops","1980 October","Domestic","Million Litres","261.7"
"Intake of Cows Milk by Milk Processors and Co-Ops","1980 November","Domestic","Million Litres","114"
"Intake of Cows Milk by Milk Processors and Co-Ops","1980 December","Domestic","Million Litres","81.5"
"Intake of Cows Milk by Milk Processors and Co-Ops","1981 January","Domestic","Million Litres","90.9"
"Intake of Cows Milk by Milk Processors and Co-Ops","1981 February","Domestic","Million Litres","165.7"
"Intake of Cows Milk by Milk Processors and Co-Ops","1981 March","Domestic","Million Litres","338.3"
"Intake of Cows Milk by Milk Processors and Co-Ops","1981 April","Domestic","Million Litres","536.5"
"Intake of Cows Milk by Milk Processors and Co-Ops","1981 May","Domestic","Million Litres","669.7"
"Intake of Cows Milk by Milk Processors and Co-Ops","1981 June","Domestic","Million Litres","621.3"
"Intake of Cows Milk by Milk Processors and Co-Ops","1981 July","Domestic","Million Litres","599.1"
"Intake of Cows Milk by Milk Processors and Co-Ops","1981 August","Domestic","Million Litres","518.4"
"Intake of Cows Milk by Milk Processors and Co-Ops","1981 September","Domestic","Million Litres","383.5"
"Intake of Cows Milk by Milk Processors and Co-Ops","1981 October","Domestic","Million Litres","258.8"
"Intake of Cows Milk by Milk Processors and Co-Ops","1981 November","Domestic","Million Litres","127"
"Intake of Cows Milk by Milk Processors and Co-Ops","1981 December","Domestic","Million Litres","85"
"Intake of Cows Milk by Milk Processors and Co-Ops","1982 January","Domestic","Million Litres","101.8"
"Intake of Cows Milk by Milk Processors and Co-Ops","1982 February","Domestic","Million Litres","190.5"
"Intake of Cows Milk by Milk Processors and Co-Ops","1982 March","Domestic","Million Litres","362.4"
"Intake of Cows Milk by Milk Processors and Co-Ops","1982 April","Domestic","Million Litres","553"
"Intake of Cows Milk by Milk Processors and Co-Ops","1982 May","Domestic","Million Litres","721"
"Intake of Cows Milk by Milk Processors and Co-Ops","1982 June","Domestic","Million Litres","682.9"
"Intake of Cows Milk by Milk Processors and Co-Ops","1982 July","Domestic","Million Litres","626.5"
"Intake of Cows Milk by Milk Processors and Co-Ops","1982 August","Domestic","Million Litres","544.8"
"Intake of Cows Milk by Milk Processors and Co-Ops","1982 September","Domestic","Million Litres","437"
"Intake of Cows Milk by Milk Processors and Co-Ops","1982 October","Domestic","Million Litres","309.3"
"Intake of Cows Milk by Milk Processors and Co-Ops","1982 November","Domestic","Million Litres","164"
"Intake of Cows Milk by Milk Processors and Co-Ops","1982 December","Domestic","Million Litres","111.9"
"Intake of Cows Milk by Milk Processors and Co-Ops","1983 January","Domestic","Million Litres","137.9"
"Intake of Cows Milk by Milk Processors and Co-Ops","1983 February","Domestic","Million Litres","230.7"
"Intake of Cows Milk by Milk Processors and Co-Ops","1983 March","Domestic","Million Litres","422.1"
"Intake of Cows Milk by Milk Processors and Co-Ops","1983 April","Domestic","Million Litres","597.8"
"Intake of Cows Milk by Milk Processors and Co-Ops","1983 May","Domestic","Million Litres","749.6"
"Intake of Cows Milk by Milk Processors and Co-Ops","1983 June","Domestic","Million Litres","727.1"
"Intake of Cows Milk by Milk Processors and Co-Ops","1983 July","Domestic","Million Litres","664.2"
"Intake of Cows Milk by Milk Processors and Co-Ops","1983 August","Domestic","Million Litres","553.9"
"Intake of Cows Milk by Milk Processors and Co-Ops","1983 September","Domestic","Million Litres","457.1"
"Intake of Cows Milk by Milk Processors and Co-Ops","1983 October","Domestic","Million Litres","335.2"
"Intake of Cows Milk by Milk Processors and Co-Ops","1983 November","Domestic","Million Litres","182.9"
"Intake of Cows Milk by Milk Processors and Co-Ops","1983 December","Domestic","Million Litres","127.7"
"Intake of Cows Milk by Milk Processors and Co-Ops","1984 January","Domestic","Million Litres","158.2"
"Intake of Cows Milk by Milk Processors and Co-Ops","1984 February","Domestic","Million Litres","266.2"
"Intake of Cows Milk by Milk Processors and Co-Ops","1984 March","Domestic","Million Litres","458.5"
"Intake of Cows Milk by Milk Processors and Co-Ops","1984 April","Domestic","Million Litres","621"
"Intake of Cows Milk by Milk Processors and Co-Ops","1984 May","Domestic","Million Litres","814.3"
"Intake of Cows Milk by Milk Processors and Co-Ops","1984 June","Domestic","Million Litres","754.2"
"Intake of Cows Milk by Milk Processors and Co-Ops","1984 July","Domestic","Million Litres","674.7"
"Intake of Cows Milk by Milk Processors and Co-Ops","1984 August","Domestic","Million Litres","579.6"
"Intake of Cows Milk by Milk Processors and Co-Ops","1984 September","Domestic","Million Litres","445.8"
"Intake of Cows Milk by Milk Processors and Co-Ops","1984 October","Domestic","Million Litres","337.2"
"Intake of Cows Milk by Milk Processors and Co-Ops","1984 November","Domestic","Million Litres","180.4"
"Intake of Cows Milk by Milk Processors and Co-Ops","1984 December","Domestic","Million Litres","132.8"
"Intake of Cows Milk by Milk Processors and Co-Ops","1985 January","Domestic","Million Litres","164.3"
"Intake of Cows Milk by Milk Processors and Co-Ops","1985 February","Domestic","Million Litres","270.6"
"Intake of Cows Milk by Milk Processors and Co-Ops","1985 March","Domestic","Million Litres","462.6"
"Intake of Cows Milk by Milk Processors and Co-Ops","1985 April","Domestic","Million Litres","646.8"
"Intake of Cows Milk by Milk Processors and Co-Ops","1985 May","Domestic","Million Litres","818.6"
"Intake of Cows Milk by Milk Processors and Co-Ops","1985 June","Domestic","Million Litres","767.8"
"Intake of Cows Milk by Milk Processors and Co-Ops","1985 July","Domestic","Million Litres","708.9"
"Intake of Cows Milk by Milk Processors and Co-Ops","1985 August","Domestic","Million Litres","598.3"
"Intake of Cows Milk by Milk Processors and Co-Ops","1985 September","Domestic","Million Litres","453"
"Intake of Cows Milk by Milk Processors and Co-Ops","1985 October","Domestic","Million Litres","333.7"
"Intake of Cows Milk by Milk Processors and Co-Ops","1985 November","Domestic","Million Litres","173.9"
"Intake of Cows Milk by Milk Processors and Co-Ops","1985 December","Domestic","Million Litres","119.8"
"Intake of Cows Milk by Milk Processors and Co-Ops","1986 January","Domestic","Million Litres","148.1"
"Intake of Cows Milk by Milk Processors and Co-Ops","1986 February","Domestic","Million Litres","239.3"
"Intake of Cows Milk by Milk Processors and Co-Ops","1986 March","Domestic","Million Litres","418.6"
"Intake of Cows Milk by Milk Processors and Co-Ops","1986 April","Domestic","Million Litres","573.1"
"Intake of Cows Milk by Milk Processors and Co-Ops","1986 May","Domestic","Million Litres","765.8"
"Intake of Cows Milk by Milk Processors and Co-Ops","1986 June","Domestic","Million Litres","751.4"
"Intake of Cows Milk by Milk Processors and Co-Ops","1986 July","Domestic","Million Litres","683.3"
"Intake of Cows Milk by Milk Processors and Co-Ops","1986 August","Domestic","Million Litres","577.3"
"Intake of Cows Milk by Milk Processors and Co-Ops","1986 September","Domestic","Million Litres","472.6"
"Intake of Cows Milk by Milk Processors and Co-Ops","1986 October","Domestic","Million Litres","365.9"
"Intake of Cows Milk by Milk Processors and Co-Ops","1986 November","Domestic","Million Litres","189.4"
"Intake of Cows Milk by Milk Processors and Co-Ops","1986 December","Domestic","Million Litres","135.3"
"Intake of Cows Milk by Milk Processors and Co-Ops","1987 January","Domestic","Million Litres","148.9"
"Intake of Cows Milk by Milk Processors and Co-Ops","1987 February","Domestic","Million Litres","239.3"
"Intake of Cows Milk by Milk Processors and Co-Ops","1987 March","Domestic","Million Litres","449.6"
"Intake of Cows Milk by Milk Processors and Co-Ops","1987 April","Domestic","Million Litres","553.8"
"Intake of Cows Milk by Milk Processors and Co-Ops","1987 May","Domestic","Million Litres","759.8"
"Intake of Cows Milk by Milk Processors and Co-Ops","1987 June","Domestic","Million Litres","714.4"
"Intake of Cows Milk by Milk Processors and Co-Ops","1987 July","Domestic","Million Litres","675.4"
"Intake of Cows Milk by Milk Processors and Co-Ops","1987 August","Domestic","Million Litres","589.1"
"Intake of Cows Milk by Milk Processors and Co-Ops","1987 September","Domestic","Million Litres","470.1"
"Intake of Cows Milk by Milk Processors and Co-Ops","1987 October","Domestic","Million Litres","337.4"
"Intake of Cows Milk by Milk Processors and Co-Ops","1987 November","Domestic","Million Litres","173.4"
"Intake of Cows Milk by Milk Processors and Co-Ops","1987 December","Domestic","Million Litres","123.8"
"Intake of Cows Milk by Milk Processors and Co-Ops","1988 January","Domestic","Million Litres","137.8"
"Intake of Cows Milk by Milk Processors and Co-Ops","1988 February","Domestic","Million Litres","218.6"
"Intake of Cows Milk by Milk Processors and Co-Ops","1988 March","Domestic","Million Litres","363.9"
"Intake of Cows Milk by Milk Processors and Co-Ops","1988 April","Domestic","Million Litres","605.4"
"Intake of Cows Milk by Milk Processors and Co-Ops","1988 May","Domestic","Million Litres","748.3"
"Intake of Cows Milk by Milk Processors and Co-Ops","1988 June","Domestic","Million Litres","702.7"
"Intake of Cows Milk by Milk Processors and Co-Ops","1988 July","Domestic","Million Litres","654.8"
"Intake of Cows Milk by Milk Processors and Co-Ops","1988 August","Domestic","Million Litres","582.5"
"Intake of Cows Milk by Milk Processors and Co-Ops","1988 September","Domestic","Million Litres","453.9"
"Intake of Cows Milk by Milk Processors and Co-Ops","1988 October","Domestic","Million Litres","292.2"
"Intake of Cows Milk by Milk Processors and Co-Ops","1988 November","Domestic","Million Litres","148"
"Intake of Cows Milk by Milk Processors and Co-Ops","1988 December","Domestic","Million Litres","115.3"
"Intake of Cows Milk by Milk Processors and Co-Ops","1989 January","Domestic","Million Litres","137.8"
"Intake of Cows Milk by Milk Processors and Co-Ops","1989 February","Domestic","Million Litres","218.6"
"Intake of Cows Milk by Milk Processors and Co-Ops","1989 March","Domestic","Million Litres","364.1"
"Intake of Cows Milk by Milk Processors and Co-Ops","1989 April","Domestic","Million Litres","538.4"
"Intake of Cows Milk by Milk Processors and Co-Ops","1989 May","Domestic","Million Litres","725.4"
"Intake of Cows Milk by Milk Processors and Co-Ops","1989 June","Domestic","Million Litres","713.9"
"Intake of Cows Milk by Milk Processors and Co-Ops","1989 July","Domestic","Million Litres","637.8"
"Intake of Cows Milk by Milk Processors and Co-Ops","1989 August","Domestic","Million Litres","570.3"
"Intake of Cows Milk by Milk Processors and Co-Ops","1989 September","Domestic","Million Litres","503.6"
"Intake of Cows Milk by Milk Processors and Co-Ops","1989 October","Domestic","Million Litres","364.7"
"Intake of Cows Milk by Milk Processors and Co-Ops","1989 November","Domestic","Million Litres","190.2"
"Intake of Cows Milk by Milk Processors and Co-Ops","1989 December","Domestic","Million Litres","132.1"
"Intake of Cows Milk by Milk Processors and Co-Ops","1990 January","Domestic","Million Litres","145.4"
"Intake of Cows Milk by Milk Processors and Co-Ops","1990 February","Domestic","Million Litres","217.1"
"Intake of Cows Milk by Milk Processors and Co-Ops","1990 March","Domestic","Million Litres","394.2"
"Intake of Cows Milk by Milk Processors and Co-Ops","1990 April","Domestic","Million Litres","593.2"
"Intake of Cows Milk by Milk Processors and Co-Ops","1990 May","Domestic","Million Litres","741.3"
"Intake of Cows Milk by Milk Processors and Co-Ops","1990 June","Domestic","Million Litres","706.2"
"Intake of Cows Milk by Milk Processors and Co-Ops","1990 July","Domestic","Million Litres","650"
"Intake of Cows Milk by Milk Processors and Co-Ops","1990 August","Domestic","Million Litres","573.6"
"Intake of Cows Milk by Milk Processors and Co-Ops","1990 September","Domestic","Million Litres","465.1"
"Intake of Cows Milk by Milk Processors and Co-Ops","1990 October","Domestic","Million Litres","322.6"
"Intake of Cows Milk by Milk Processors and Co-Ops","1990 November","Domestic","Million Litres","178.7"
"Intake of Cows Milk by Milk Processors and Co-Ops","1990 December","Domestic","Million Litres","129.8"
"Intake of Cows Milk by Milk Processors and Co-Ops","1991 January","Domestic","Million Litres","144.3"
"Intake of Cows Milk by Milk Processors and Co-Ops","1991 February","Domestic","Million Litres","227.5"
"Intake of Cows Milk by Milk Processors and Co-Ops","1991 March","Domestic","Million Litres","407.5"
"Intake of Cows Milk by Milk Processors and Co-Ops","1991 April","Domestic","Million Litres","564.1"
"Intake of Cows Milk by Milk Processors and Co-Ops","1991 May","Domestic","Million Litres","718.4"
"Intake of Cows Milk by Milk Processors and Co-Ops","1991 June","Domestic","Million Litres","705.6"
"Intake of Cows Milk by Milk Processors and Co-Ops","1991 July","Domestic","Million Litres","652"
"Intake of Cows Milk by Milk Processors and Co-Ops","1991 August","Domestic","Million Litres","567.8"
"Intake of Cows Milk by Milk Processors and Co-Ops","1991 September","Domestic","Million Litres","456.1"
"Intake of Cows Milk by Milk Processors and Co-Ops","1991 October","Domestic","Million Litres","312.1"
"Intake of Cows Milk by Milk Processors and Co-Ops","1991 November","Domestic","Million Litres","173.2"
"Intake of Cows Milk by Milk Processors and Co-Ops","1991 December","Domestic","Million Litres","132.8"
"Intake of Cows Milk by Milk Processors and Co-Ops","1992 January","Domestic","Million Litres","149.4"
"Intake of Cows Milk by Milk Processors and Co-Ops","1992 February","Domestic","Million Litres","233.6"
"Intake of Cows Milk by Milk Processors and Co-Ops","1992 March","Domestic","Million Litres","399.2"
"Intake of Cows Milk by Milk Processors and Co-Ops","1992 April","Domestic","Million Litres","573.3"
"Intake of Cows Milk by Milk Processors and Co-Ops","1992 May","Domestic","Million Litres","697.4"
"Intake of Cows Milk by Milk Processors and Co-Ops","1992 June","Domestic","Million Litres","674.9"
"Intake of Cows Milk by Milk Processors and Co-Ops","1992 July","Domestic","Million Litres","615.6"
"Intake of Cows Milk by Milk Processors and Co-Ops","1992 August","Domestic","Million Litres","570.5"
"Intake of Cows Milk by Milk Processors and Co-Ops","1992 September","Domestic","Million Litres","469.4"
"Intake of Cows Milk by Milk Processors and Co-Ops","1992 October","Domestic","Million Litres","363.7"
"Intake of Cows Milk by Milk Processors and Co-Ops","1992 November","Domestic","Million Litres","210"
"Intake of Cows Milk by Milk Processors and Co-Ops","1992 December","Domestic","Million Litres","148"
"Intake of Cows Milk by Milk Processors and Co-Ops","1993 January","Domestic","Million Litres","146.1"
"Intake of Cows Milk by Milk Processors and Co-Ops","1993 February","Domestic","Million Litres","218"
"Intake of Cows Milk by Milk Processors and Co-Ops","1993 March","Domestic","Million Litres","400.2"
"Intake of Cows Milk by Milk Processors and Co-Ops","1993 April","Domestic","Million Litres","560.3"
"Intake of Cows Milk by Milk Processors and Co-Ops","1993 May","Domestic","Million Litres","687"
"Intake of Cows Milk by Milk Processors and Co-Ops","1993 June","Domestic","Million Litres","656.2"
"Intake of Cows Milk by Milk Processors and Co-Ops","1993 July","Domestic","Million Litres","624.3"
"Intake of Cows Milk by Milk Processors and Co-Ops","1993 August","Domestic","Million Litres","570.6"
"Intake of Cows Milk by Milk Processors and Co-Ops","1993 September","Domestic","Million Litres","474.4"
"Intake of Cows Milk by Milk Processors and Co-Ops","1993 October","Domestic","Million Litres","350.4"
"Intake of Cows Milk by Milk Processors and Co-Ops","1993 November","Domestic","Million Litres","217.2"
"Intake of Cows Milk by Milk Processors and Co-Ops","1993 December","Domestic","Million Litres","147.1"
"Intake of Cows Milk by Milk Processors and Co-Ops","1994 January","Domestic","Million Litres","152"
"Intake of Cows Milk by Milk Processors and Co-Ops","1994 February","Domestic","Million Litres","217.1"
"Intake of Cows Milk by Milk Processors and Co-Ops","1994 March","Domestic","Million Litres","399.1"
"Intake of Cows Milk by Milk Processors and Co-Ops","1994 April","Domestic","Million Litres","510"
"Intake of Cows Milk by Milk Processors and Co-Ops","1994 May","Domestic","Million Litres","676.8"
"Intake of Cows Milk by Milk Processors and Co-Ops","1994 June","Domestic","Million Litres","683.1"
"Intake of Cows Milk by Milk Processors and Co-Ops","1994 July","Domestic","Million Litres","633.6"
"Intake of Cows Milk by Milk Processors and Co-Ops","1994 August","Domestic","Million Litres","568.7"
"Intake of Cows Milk by Milk Processors and Co-Ops","1994 September","Domestic","Million Litres","479.1"
"Intake of Cows Milk by Milk Processors and Co-Ops","1994 October","Domestic","Million Litres","387.7"
"Intake of Cows Milk by Milk Processors and Co-Ops","1994 November","Domestic","Million Litres","241.3"
"Intake of Cows Milk by Milk Processors and Co-Ops","1994 December","Domestic","Million Litres","171"
"Intake of Cows Milk by Milk Processors and Co-Ops","1995 January","Domestic","Million Litres","153.1"
"Intake of Cows Milk by Milk Processors and Co-Ops","1995 February","Domestic","Million Litres","211.1"
"Intake of Cows Milk by Milk Processors and Co-Ops","1995 March","Domestic","Million Litres","368.7"
"Intake of Cows Milk by Milk Processors and Co-Ops","1995 April","Domestic","Million Litres","573.6"
"Intake of Cows Milk by Milk Processors and Co-Ops","1995 May","Domestic","Million Litres","716.3"
"Intake of Cows Milk by Milk Processors and Co-Ops","1995 June","Domestic","Million Litres","706.9"
"Intake of Cows Milk by Milk Processors and Co-Ops","1995 July","Domestic","Million Litres","640.8"
"Intake of Cows Milk by Milk Processors and Co-Ops","1995 August","Domestic","Million Litres","577"
"Intake of Cows Milk by Milk Processors and Co-Ops","1995 September","Domestic","Million Litres","447.4"
"Intake of Cows Milk by Milk Processors and Co-Ops","1995 October","Domestic","Million Litres","359.8"
"Intake of Cows Milk by Milk Processors and Co-Ops","1995 November","Domestic","Million Litres","233.2"
"Intake of Cows Milk by Milk Processors and Co-Ops","1995 December","Domestic","Million Litres","147.7"
"Intake of Cows Milk by Milk Processors and Co-Ops","1996 January","Domestic","Million Litres","139.5"
"Intake of Cows Milk by Milk Processors and Co-Ops","1996 February","Domestic","Million Litres","220.5"
"Intake of Cows Milk by Milk Processors and Co-Ops","1996 March","Domestic","Million Litres","370"
"Intake of Cows Milk by Milk Processors and Co-Ops","1996 April","Domestic","Million Litres","574.9"
"Intake of Cows Milk by Milk Processors and Co-Ops","1996 May","Domestic","Million Litres","747.7"
"Intake of Cows Milk by Milk Processors and Co-Ops","1996 June","Domestic","Million Litres","720.9"
"Intake of Cows Milk by Milk Processors and Co-Ops","1996 July","Domestic","Million Litres","649.3"
"Intake of Cows Milk by Milk Processors and Co-Ops","1996 August","Domestic","Million Litres","592.1"
"Intake of Cows Milk by Milk Processors and Co-Ops","1996 September","Domestic","Million Litres","476.5"
"Intake of Cows Milk by Milk Processors and Co-Ops","1996 October","Domestic","Million Litres","335.7"
"Intake of Cows Milk by Milk Processors and Co-Ops","1996 November","Domestic","Million Litres","188.6"
"Intake of Cows Milk by Milk Processors and Co-Ops","1996 December","Domestic","Million Litres","128.6"
"Intake of Cows Milk by Milk Processors and Co-Ops","1997 January","Domestic","Million Litres","127.6"
"Intake of Cows Milk by Milk Processors and Co-Ops","1997 February","Domestic","Million Litres","197.5"
"Intake of Cows Milk by Milk Processors and Co-Ops","1997 March","Domestic","Million Litres","384.1"
"Intake of Cows Milk by Milk Processors and Co-Ops","1997 April","Domestic","Million Litres","640.3"
"Intake of Cows Milk by Milk Processors and Co-Ops","1997 May","Domestic","Million Litres","726.3"
"Intake of Cows Milk by Milk Processors and Co-Ops","1997 June","Domestic","Million Litres","674.4"
"Intake of Cows Milk by Milk Processors and Co-Ops","1997 July","Domestic","Million Litres","660.7"
"Intake of Cows Milk by Milk Processors and Co-Ops","1997 August","Domestic","Million Litres","559.6"
"Intake of Cows Milk by Milk Processors and Co-Ops","1997 September","Domestic","Million Litres","447.8"
"Intake of Cows Milk by Milk Processors and Co-Ops","1997 October","Domestic","Million Litres","357.5"
"Intake of Cows Milk by Milk Processors and Co-Ops","1997 November","Domestic","Million Litres","200.6"
"Intake of Cows Milk by Milk Processors and Co-Ops","1997 December","Domestic","Million Litres","128.2"
"Intake of Cows Milk by Milk Processors and Co-Ops","1998 January","Domestic","Million Litres","120.4"
"Intake of Cows Milk by Milk Processors and Co-Ops","1998 February","Domestic","Million Litres","195"
"Intake of Cows Milk by Milk Processors and Co-Ops","1998 March","Domestic","Million Litres","382.3"
"Intake of Cows Milk by Milk Processors and Co-Ops","1998 April","Domestic","Million Litres","575.5"
"Intake of Cows Milk by Milk Processors and Co-Ops","1998 May","Domestic","Million Litres","680"
"Intake of Cows Milk by Milk Processors and Co-Ops","1998 June","Domestic","Million Litres","659.5"
"Intake of Cows Milk by Milk Processors and Co-Ops","1998 July","Domestic","Million Litres","609.8"
"Intake of Cows Milk by Milk Processors and Co-Ops","1998 August","Domestic","Million Litres","567.8"
"Intake of Cows Milk by Milk Processors and Co-Ops","1998 September","Domestic","Million Litres","461.9"
"Intake of Cows Milk by Milk Processors and Co-Ops","1998 October","Domestic","Million Litres","363.2"
"Intake of Cows Milk by Milk Processors and Co-Ops","1998 November","Domestic","Million Litres","200.6"
"Intake of Cows Milk by Milk Processors and Co-Ops","1998 December","Domestic","Million Litres","128.4"
"Intake of Cows Milk by Milk Processors and Co-Ops","1999 January","Domestic","Million Litres","115.7"
"Intake of Cows Milk by Milk Processors and Co-Ops","1999 February","Domestic","Million Litres","182.1"
"Intake of Cows Milk by Milk Processors and Co-Ops","1999 March","Domestic","Million Litres","406.8"
"Intake of Cows Milk by Milk Processors and Co-Ops","1999 April","Domestic","Million Litres","564.4"
"Intake of Cows Milk by Milk Processors and Co-Ops","1999 May","Domestic","Million Litres","688.9"
"Intake of Cows Milk by Milk Processors and Co-Ops","1999 June","Domestic","Million Litres","625.5"
"Intake of Cows Milk by Milk Processors and Co-Ops","1999 July","Domestic","Million Litres","611"
"Intake of Cows Milk by Milk Processors and Co-Ops","1999 August","Domestic","Million Litres","574.9"
"Intake of Cows Milk by Milk Processors and Co-Ops","1999 September","Domestic","Million Litres","473.4"
"Intake of Cows Milk by Milk Processors and Co-Ops","1999 October","Domestic","Million Litres","368.9"
"Intake of Cows Milk by Milk Processors and Co-Ops","1999 November","Domestic","Million Litres","230.2"
"Intake of Cows Milk by Milk Processors and Co-Ops","1999 December","Domestic","Million Litres","131.5"
"Intake of Cows Milk by Milk Processors and Co-Ops","2000 January","Domestic","Million Litres","118.9"
"Intake of Cows Milk by Milk Processors and Co-Ops","2000 February","Domestic","Million Litres","187.8"
"Intake of Cows Milk by Milk Processors and Co-Ops","2000 March","Domestic","Million Litres","358.7"
"Intake of Cows Milk by Milk Processors and Co-Ops","2000 April","Domestic","Million Litres","611.4"
"Intake of Cows Milk by Milk Processors and Co-Ops","2000 May","Domestic","Million Litres","695.9"
"Intake of Cows Milk by Milk Processors and Co-Ops","2000 June","Domestic","Million Litres","676.3"
"Intake of Cows Milk by Milk Processors and Co-Ops","2000 July","Domestic","Million Litres","638.7"
"Intake of Cows Milk by Milk Processors and Co-Ops","2000 August","Domestic","Million Litres","570.8"
"Intake of Cows Milk by Milk Processors and Co-Ops","2000 September","Domestic","Million Litres","476.7"
"Intake of Cows Milk by Milk Processors and Co-Ops","2000 October","Domestic","Million Litres","359.9"
"Intake of Cows Milk by Milk Processors and Co-Ops","2000 November","Domestic","Million Litres","191.2"
"Intake of Cows Milk by Milk Processors and Co-Ops","2000 December","Domestic","Million Litres","125"
"Intake of Cows Milk by Milk Processors and Co-Ops","2001 January","Domestic","Million Litres","118.1"
"Intake of Cows Milk by Milk Processors and Co-Ops","2001 February","Domestic","Million Litres","185.9"
"Intake of Cows Milk by Milk Processors and Co-Ops","2001 March","Domestic","Million Litres","382.5"
"Intake of Cows Milk by Milk Processors and Co-Ops","2001 April","Domestic","Million Litres","545.8"
"Intake of Cows Milk by Milk Processors and Co-Ops","2001 May","Domestic","Million Litres","709.2"
"Intake of Cows Milk by Milk Processors and Co-Ops","2001 June","Domestic","Million Litres","681.8"
"Intake of Cows Milk by Milk Processors and Co-Ops","2001 July","Domestic","Million Litres","653.3"
"Intake of Cows Milk by Milk Processors and Co-Ops","2001 August","Domestic","Million Litres","591.2"
"Intake of Cows Milk by Milk Processors and Co-Ops","2001 September","Domestic","Million Litres","506.1"
"Intake of Cows Milk by Milk Processors and Co-Ops","2001 October","Domestic","Million Litres","412.6"
"Intake of Cows Milk by Milk Processors and Co-Ops","2001 November","Domestic","Million Litres","252.2"
"Intake of Cows Milk by Milk Processors and Co-Ops","2001 December","Domestic","Million Litres","140"
"Intake of Cows Milk by Milk Processors and Co-Ops","2002 January","Domestic","Million Litres","116.9"
"Intake of Cows Milk by Milk Processors and Co-Ops","2002 February","Domestic","Million Litres","164.8"
"Intake of Cows Milk by Milk Processors and Co-Ops","2002 March","Domestic","Million Litres","337"
"Intake of Cows Milk by Milk Processors and Co-Ops","2002 April","Domestic","Million Litres","595.6"
"Intake of Cows Milk by Milk Processors and Co-Ops","2002 May","Domestic","Million Litres","708.1"
"Intake of Cows Milk by Milk Processors and Co-Ops","2002 June","Domestic","Million Litres","650.6"
"Intake of Cows Milk by Milk Processors and Co-Ops","2002 July","Domestic","Million Litres","629.6"
"Intake of Cows Milk by Milk Processors and Co-Ops","2002 August","Domestic","Million Litres","570"
"Intake of Cows Milk by Milk Processors and Co-Ops","2002 September","Domestic","Million Litres","486.8"
"Intake of Cows Milk by Milk Processors and Co-Ops","2002 October","Domestic","Million Litres","405.9"
"Intake of Cows Milk by Milk Processors and Co-Ops","2002 November","Domestic","Million Litres","229.7"
"Intake of Cows Milk by Milk Processors and Co-Ops","2002 December","Domestic","Million Litres","137.3"
"Intake of Cows Milk by Milk Processors and Co-Ops","2003 January","Domestic","Million Litres","125.4"
"Intake of Cows Milk by Milk Processors and Co-Ops","2003 February","Domestic","Million Litres","187.5"
"Intake of Cows Milk by Milk Processors and Co-Ops","2003 March","Domestic","Million Litres","406.5"
"Intake of Cows Milk by Milk Processors and Co-Ops","2003 April","Domestic","Million Litres","589.1"
"Intake of Cows Milk by Milk Processors and Co-Ops","2003 May","Domestic","Million Litres","705.1"
"Intake of Cows Milk by Milk Processors and Co-Ops","2003 June","Domestic","Million Litres","655.4"
"Intake of Cows Milk by Milk Processors and Co-Ops","2003 July","Domestic","Million Litres","627.9"
"Intake of Cows Milk by Milk Processors and Co-Ops","2003 August","Domestic","Million Litres","566.9"
"Intake of Cows Milk by Milk Processors and Co-Ops","2003 September","Domestic","Million Litres","479"
"Intake of Cows Milk by Milk Processors and Co-Ops","2003 October","Domestic","Million Litres","410.4"
"Intake of Cows Milk by Milk Processors and Co-Ops","2003 November","Domestic","Million Litres","256.5"
"Intake of Cows Milk by Milk Processors and Co-Ops","2003 December","Domestic","Million Litres","147.3"
"Intake of Cows Milk by Milk Processors and Co-Ops","2004 January","Domestic","Million Litres","125.1"
"Intake of Cows Milk by Milk Processors and Co-Ops","2004 February","Domestic","Million Litres","195.5"
"Intake of Cows Milk by Milk Processors and Co-Ops","2004 March","Domestic","Million Litres","377.4"
"Intake of Cows Milk by Milk Processors and Co-Ops","2004 April","Domestic","Million Litres","596.9"
"Intake of Cows Milk by Milk Processors and Co-Ops","2004 May","Domestic","Million Litres","701.7"
"Intake of Cows Milk by Milk Processors and Co-Ops","2004 June","Domestic","Million Litres","658.7"
"Intake of Cows Milk by Milk Processors and Co-Ops","2004 July","Domestic","Million Litres","647.2"
"Intake of Cows Milk by Milk Processors and Co-Ops","2004 August","Domestic","Million Litres","579"
"Intake of Cows Milk by Milk Processors and Co-Ops","2004 September","Domestic","Million Litres","479.5"
"Intake of Cows Milk by Milk Processors and Co-Ops","2004 October","Domestic","Million Litres","383.5"
"Intake of Cows Milk by Milk Processors and Co-Ops","2004 November","Domestic","Million Litres","232.8"
"Intake of Cows Milk by Milk Processors and Co-Ops","2004 December","Domestic","Million Litres","138.7"
"Intake of Cows Milk by Milk Processors and Co-Ops","2005 January","Domestic","Million Litres","123.1"
"Intake of Cows Milk by Milk Processors and Co-Ops","2005 February","Domestic","Million Litres","187.6"
"Intake of Cows Milk by Milk Processors and Co-Ops","2005 March","Domestic","Million Litres","327.4"
"Intake of Cows Milk by Milk Processors and Co-Ops","2005 April","Domestic","Million Litres","587"
"Intake of Cows Milk by Milk Processors and Co-Ops","2005 May","Domestic","Million Litres","679.7"
"Intake of Cows Milk by Milk Processors and Co-Ops","2005 June","Domestic","Million Litres","640.6"
"Intake of Cows Milk by Milk Processors and Co-Ops","2005 July","Domestic","Million Litres","612.6"
"Intake of Cows Milk by Milk Processors and Co-Ops","2005 August","Domestic","Million Litres","559.7"
"Intake of Cows Milk by Milk Processors and Co-Ops","2005 September","Domestic","Million Litres","469.8"
"Intake of Cows Milk by Milk Processors and Co-Ops","2005 October","Domestic","Million Litres","376.5"
"Intake of Cows Milk by Milk Processors and Co-Ops","2005 November","Domestic","Million Litres","216.4"
"Intake of Cows Milk by Milk Processors and Co-Ops","2005 December","Domestic","Million Litres","134.9"
"Intake of Cows Milk by Milk Processors and Co-Ops","2006 January","Domestic","Million Litres","119.9"
"Intake of Cows Milk by Milk Processors and Co-Ops","2006 February","Domestic","Million Litres","187.7"
"Intake of Cows Milk by Milk Processors and Co-Ops","2006 March","Domestic","Million Litres","391.1"
"Intake of Cows Milk by Milk Processors and Co-Ops","2006 April","Domestic","Million Litres","552.2"
"Intake of Cows Milk by Milk Processors and Co-Ops","2006 May","Domestic","Million Litres","683.6"
"Intake of Cows Milk by Milk Processors and Co-Ops","2006 June","Domestic","Million Litres","641.6"
"Intake of Cows Milk by Milk Processors and Co-Ops","2006 July","Domestic","Million Litres","620.3"
"Intake of Cows Milk by Milk Processors and Co-Ops","2006 August","Domestic","Million Litres","564.7"
"Intake of Cows Milk by Milk Processors and Co-Ops","2006 September","Domestic","Million Litres","487.8"
"Intake of Cows Milk by Milk Processors and Co-Ops","2006 October","Domestic","Million Litres","411.5"
"Intake of Cows Milk by Milk Processors and Co-Ops","2006 November","Domestic","Million Litres","265.4"
"Intake of Cows Milk by Milk Processors and Co-Ops","2006 December","Domestic","Million Litres","148"
"Intake of Cows Milk by Milk Processors and Co-Ops","2007 January","Domestic","Million Litres","122.7"
"Intake of Cows Milk by Milk Processors and Co-Ops","2007 February","Domestic","Million Litres","184.8"
"Intake of Cows Milk by Milk Processors and Co-Ops","2007 March","Domestic","Million Litres","385.1"
"Intake of Cows Milk by Milk Processors and Co-Ops","2007 April","Domestic","Million Litres","579.1"
"Intake of Cows Milk by Milk Processors and Co-Ops","2007 May","Domestic","Million Litres","686.2"
"Intake of Cows Milk by Milk Processors and Co-Ops","2007 June","Domestic","Million Litres","643.2"
"Intake of Cows Milk by Milk Processors and Co-Ops","2007 July","Domestic","Million Litres","613.4"
"Intake of Cows Milk by Milk Processors and Co-Ops","2007 August","Domestic","Million Litres","559.1"
"Intake of Cows Milk by Milk Processors and Co-Ops","2007 September","Domestic","Million Litres","478.3"
"Intake of Cows Milk by Milk Processors and Co-Ops","2007 October","Domestic","Million Litres","407.9"
"Intake of Cows Milk by Milk Processors and Co-Ops","2007 November","Domestic","Million Litres","266.7"
"Intake of Cows Milk by Milk Processors and Co-Ops","2007 December","Domestic","Million Litres","147.8"
"Intake of Cows Milk by Milk Processors and Co-Ops","2008 January","Domestic","Million Litres","127"
"Intake of Cows Milk by Milk Processors and Co-Ops","2008 February","Domestic","Million Litres","204"
"Intake of Cows Milk by Milk Processors and Co-Ops","2008 March","Domestic","Million Litres","378.4"
"Intake of Cows Milk by Milk Processors and Co-Ops","2008 April","Domestic","Million Litres","573.1"
"Intake of Cows Milk by Milk Processors and Co-Ops","2008 May","Domestic","Million Litres","681"
"Intake of Cows Milk by Milk Processors and Co-Ops","2008 June","Domestic","Million Litres","637.4"
"Intake of Cows Milk by Milk Processors and Co-Ops","2008 July","Domestic","Million Litres","605.9"
"Intake of Cows Milk by Milk Processors and Co-Ops","2008 August","Domestic","Million Litres","542.2"
"Intake of Cows Milk by Milk Processors and Co-Ops","2008 September","Domestic","Million Litres","439.4"
"Intake of Cows Milk by Milk Processors and Co-Ops","2008 October","Domestic","Million Litres","372.3"
"Intake of Cows Milk by Milk Processors and Co-Ops","2008 November","Domestic","Million Litres","231.7"
"Intake of Cows Milk by Milk Processors and Co-Ops","2008 December","Domestic","Million Litres","150.9"
"Intake of Cows Milk by Milk Processors and Co-Ops","2009 January","Domestic","Million Litres","131.4"
"Intake of Cows Milk by Milk Processors and Co-Ops","2009 February","Domestic","Million Litres","197.1"
"Intake of Cows Milk by Milk Processors and Co-Ops","2009 March","Domestic","Million Litres","416.4"
"Intake of Cows Milk by Milk Processors and Co-Ops","2009 April","Domestic","Million Litres","560.7"
"Intake of Cows Milk by Milk Processors and Co-Ops","2009 May","Domestic","Million Litres","645.6"
"Intake of Cows Milk by Milk Processors and Co-Ops","2009 June","Domestic","Million Litres","615.5"
"Intake of Cows Milk by Milk Processors and Co-Ops","2009 July","Domestic","Million Litres","576.9"
"Intake of Cows Milk by Milk Processors and Co-Ops","2009 August","Domestic","Million Litres","504.2"
"Intake of Cows Milk by Milk Processors and Co-Ops","2009 September","Domestic","Million Litres","415.6"
"Intake of Cows Milk by Milk Processors and Co-Ops","2009 October","Domestic","Million Litres","365.7"
"Intake of Cows Milk by Milk Processors and Co-Ops","2009 November","Domestic","Million Litres","220.1"
"Intake of Cows Milk by Milk Processors and Co-Ops","2009 December","Domestic","Million Litres","136.1"
"Intake of Cows Milk by Milk Processors and Co-Ops","2010 January","Domestic","Million Litres","118.1"
"Intake of Cows Milk by Milk Processors and Co-Ops","2010 February","Domestic","Million Litres","192.7"
"Intake of Cows Milk by Milk Processors and Co-Ops","2010 March","Domestic","Million Litres","380.8"
"Intake of Cows Milk by Milk Processors and Co-Ops","2010 April","Domestic","Million Litres","530.8"
"Intake of Cows Milk by Milk Processors and Co-Ops","2010 May","Domestic","Million Litres","693.9"
"Intake of Cows Milk by Milk Processors and Co-Ops","2010 June","Domestic","Million Litres","664.9"
"Intake of Cows Milk by Milk Processors and Co-Ops","2010 July","Domestic","Million Litres","623.3"
"Intake of Cows Milk by Milk Processors and Co-Ops","2010 August","Domestic","Million Litres","562"
"Intake of Cows Milk by Milk Processors and Co-Ops","2010 September","Domestic","Million Litres","490.7"
"Intake of Cows Milk by Milk Processors and Co-Ops","2010 October","Domestic","Million Litres","437"
"Intake of Cows Milk by Milk Processors and Co-Ops","2010 November","Domestic","Million Litres","303.1"
"Intake of Cows Milk by Milk Processors and Co-Ops","2010 December","Domestic","Million Litres","176.1"
"Intake of Cows Milk by Milk Processors and Co-Ops","2011 January","Domestic","Million Litres","146.7"
"Intake of Cows Milk by Milk Processors and Co-Ops","2011 February","Domestic","Million Litres","217.8"
"Intake of Cows Milk by Milk Processors and Co-Ops","2011 March","Domestic","Million Litres","448.5"
"Intake of Cows Milk by Milk Processors and Co-Ops","2011 April","Domestic","Million Litres","634.5"
"Intake of Cows Milk by Milk Processors and Co-Ops","2011 May","Domestic","Million Litres","738"
"Intake of Cows Milk by Milk Processors and Co-Ops","2011 June","Domestic","Million Litres","701"
"Intake of Cows Milk by Milk Processors and Co-Ops","2011 July","Domestic","Million Litres","669.8"
"Intake of Cows Milk by Milk Processors and Co-Ops","2011 August","Domestic","Million Litres","580"
"Intake of Cows Milk by Milk Processors and Co-Ops","2011 September","Domestic","Million Litres","483.5"
"Intake of Cows Milk by Milk Processors and Co-Ops","2011 October","Domestic","Million Litres","377.7"
"Intake of Cows Milk by Milk Processors and Co-Ops","2011 November","Domestic","Million Litres","234.4"
"Intake of Cows Milk by Milk Processors and Co-Ops","2011 December","Domestic","Million Litres","145.2"
"Intake of Cows Milk by Milk Processors and Co-Ops","2012 January","Domestic","Million Litres","133.3"
"Intake of Cows Milk by Milk Processors and Co-Ops","2012 February","Domestic","Million Litres","236.6"
"Intake of Cows Milk by Milk Processors and Co-Ops","2012 March","Domestic","Million Litres","473"
"Intake of Cows Milk by Milk Processors and Co-Ops","2012 April","Domestic","Million Litres","637.3"
"Intake of Cows Milk by Milk Processors and Co-Ops","2012 May","Domestic","Million Litres","735"
"Intake of Cows Milk by Milk Processors and Co-Ops","2012 June","Domestic","Million Litres","684.3"
"Intake of Cows Milk by Milk Processors and Co-Ops","2012 July","Domestic","Million Litres","609.8"
"Intake of Cows Milk by Milk Processors and Co-Ops","2012 August","Domestic","Million Litres","546.8"
"Intake of Cows Milk by Milk Processors and Co-Ops","2012 September","Domestic","Million Litres","446.6"
"Intake of Cows Milk by Milk Processors and Co-Ops","2012 October","Domestic","Million Litres","364.2"
"Intake of Cows Milk by Milk Processors and Co-Ops","2012 November","Domestic","Million Litres","227.6"
"Intake of Cows Milk by Milk Processors and Co-Ops","2012 December","Domestic","Million Litres","138"
"Intake of Cows Milk by Milk Processors and Co-Ops","2013 January","Domestic","Million Litres","125.5"
"Intake of Cows Milk by Milk Processors and Co-Ops","2013 February","Domestic","Million Litres","222.9"
"Intake of Cows Milk by Milk Processors and Co-Ops","2013 March","Domestic","Million Litres","468.1"
"Intake of Cows Milk by Milk Processors and Co-Ops","2013 April","Domestic","Million Litres","568.7"
"Intake of Cows Milk by Milk Processors and Co-Ops","2013 May","Domestic","Million Litres","733.2"
"Intake of Cows Milk by Milk Processors and Co-Ops","2013 June","Domestic","Million Litres","700.9"
"Intake of Cows Milk by Milk Processors and Co-Ops","2013 July","Domestic","Million Litres","652.7"
"Intake of Cows Milk by Milk Processors and Co-Ops","2013 August","Domestic","Million Litres","592.7"
"Intake of Cows Milk by Milk Processors and Co-Ops","2013 September","Domestic","Million Litres","498.5"
"Intake of Cows Milk by Milk Processors and Co-Ops","2013 October","Domestic","Million Litres","418.3"
"Intake of Cows Milk by Milk Processors and Co-Ops","2013 November","Domestic","Million Litres","276.4"
"Intake of Cows Milk by Milk Processors and Co-Ops","2013 December","Domestic","Million Litres","164.8"
"Intake of Cows Milk by Milk Processors and Co-Ops","2014 January","Domestic","Million Litres","132"
"Intake of Cows Milk by Milk Processors and Co-Ops","2014 February","Domestic","Million Litres","214"
"Intake of Cows Milk by Milk Processors and Co-Ops","2014 March","Domestic","Million Litres","470.7"
"Intake of Cows Milk by Milk Processors and Co-Ops","2014 April","Domestic","Million Litres","697"
"Intake of Cows Milk by Milk Processors and Co-Ops","2014 May","Domestic","Million Litres","785.5"
"Intake of Cows Milk by Milk Processors and Co-Ops","2014 June","Domestic","Million Litres","732.4"
"Intake of Cows Milk by Milk Processors and Co-Ops","2014 July","Domestic","Million Litres","688"
"Intake of Cows Milk by Milk Processors and Co-Ops","2014 August","Domestic","Million Litres","608.2"
"Intake of Cows Milk by Milk Processors and Co-Ops","2014 September","Domestic","Million Litres","519.2"
"Intake of Cows Milk by Milk Processors and Co-Ops","2014 October","Domestic","Million Litres","426.3"
"Intake of Cows Milk by Milk Processors and Co-Ops","2014 November","Domestic","Million Litres","237.7"
"Intake of Cows Milk by Milk Processors and Co-Ops","2014 December","Domestic","Million Litres","137.6"
"Intake of Cows Milk by Milk Processors and Co-Ops","2015 January","Domestic","Million Litres","114.8"
"Intake of Cows Milk by Milk Processors and Co-Ops","2015 February","Domestic","Million Litres","215.1"
"Intake of Cows Milk by Milk Processors and Co-Ops","2015 March","Domestic","Million Litres","454"
"Intake of Cows Milk by Milk Processors and Co-Ops","2015 April","Domestic","Million Litres","784.3"
"Intake of Cows Milk by Milk Processors and Co-Ops","2015 May","Domestic","Million Litres","875.1"
"Intake of Cows Milk by Milk Processors and Co-Ops","2015 June","Domestic","Million Litres","819.2"
"Intake of Cows Milk by Milk Processors and Co-Ops","2015 July","Domestic","Million Litres","768.9"
"Intake of Cows Milk by Milk Processors and Co-Ops","2015 August","Domestic","Million Litres","693.9"
"Intake of Cows Milk by Milk Processors and Co-Ops","2015 September","Domestic","Million Litres","604.2"
"Intake of Cows Milk by Milk Processors and Co-Ops","2015 October","Domestic","Million Litres","536.3"
"Intake of Cows Milk by Milk Processors and Co-Ops","2015 November","Domestic","Million Litres","347.9"
"Intake of Cows Milk by Milk Processors and Co-Ops","2015 December","Domestic","Million Litres","181.6"
"Intake of Cows Milk by Milk Processors and Co-Ops","2016 January","Domestic","Million Litres","147.6"
"Intake of Cows Milk by Milk Processors and Co-Ops","2016 February","Domestic","Million Litres","287.1"
"Intake of Cows Milk by Milk Processors and Co-Ops","2016 March","Domestic","Million Litres","594.6"
"Intake of Cows Milk by Milk Processors and Co-Ops","2016 April","Domestic","Million Litres","760.8"
"Intake of Cows Milk by Milk Processors and Co-Ops","2016 May","Domestic","Million Litres","926.6"
"Intake of Cows Milk by Milk Processors and Co-Ops","2016 June","Domestic","Million Litres","853.2"
"Intake of Cows Milk by Milk Processors and Co-Ops","2016 July","Domestic","Million Litres","782.5"
"Intake of Cows Milk by Milk Processors and Co-Ops","2016 August","Domestic","Million Litres","699.3"
"Intake of Cows Milk by Milk Processors and Co-Ops","2016 September","Domestic","Million Litres","583.8"
"Intake of Cows Milk by Milk Processors and Co-Ops","2016 October","Domestic","Million Litres","500.1"
"Intake of Cows Milk by Milk Processors and Co-Ops","2016 November","Domestic","Million Litres","337.1"
"Intake of Cows Milk by Milk Processors and Co-Ops","2016 December","Domestic","Million Litres","178.3"
"Intake of Cows Milk by Milk Processors and Co-Ops","2017 January","Domestic","Million Litres","148.7"
"Intake of Cows Milk by Milk Processors and Co-Ops","2017 February","Domestic","Million Litres","272.9"
"Intake of Cows Milk by Milk Processors and Co-Ops","2017 March","Domestic","Million Litres","620.9"
"Intake of Cows Milk by Milk Processors and Co-Ops","2017 April","Domestic","Million Litres","866.3"
"Intake of Cows Milk by Milk Processors and Co-Ops","2017 May","Domestic","Million Litres","999.6"
"Intake of Cows Milk by Milk Processors and Co-Ops","2017 June","Domestic","Million Litres","917.9"
"Intake of Cows Milk by Milk Processors and Co-Ops","2017 July","Domestic","Million Litres","875.3"
"Intake of Cows Milk by Milk Processors and Co-Ops","2017 August","Domestic","Million Litres","786.6"
"Intake of Cows Milk by Milk Processors and Co-Ops","2017 September","Domestic","Million Litres","654"
"Intake of Cows Milk by Milk Processors and Co-Ops","2017 October","Domestic","Million Litres","534.3"
"Intake of Cows Milk by Milk Processors and Co-Ops","2017 November","Domestic","Million Litres","380.8"
"Intake of Cows Milk by Milk Processors and Co-Ops","2017 December","Domestic","Million Litres","205.5"
"Intake of Cows Milk by Milk Processors and Co-Ops","2018 January","Domestic","Million Litres","161.8"
"Intake of Cows Milk by Milk Processors and Co-Ops","2018 February","Domestic","Million Litres","294.2"
"Intake of Cows Milk by Milk Processors and Co-Ops","2018 March","Domestic","Million Litres","627.5"
"Intake of Cows Milk by Milk Processors and Co-Ops","2018 April","Domestic","Million Litres","823.1"
"Intake of Cows Milk by Milk Processors and Co-Ops","2018 May","Domestic","Million Litres","993.1"
"Intake of Cows Milk by Milk Processors and Co-Ops","2018 June","Domestic","Million Litres","924.7"
"Intake of Cows Milk by Milk Processors and Co-Ops","2018 July","Domestic","Million Litres","853.4"
"Intake of Cows Milk by Milk Processors and Co-Ops","2018 August","Domestic","Million Litres","823.8"
"Intake of Cows Milk by Milk Processors and Co-Ops","2018 September","Domestic","Million Litres","721.8"
"Intake of Cows Milk by Milk Processors and Co-Ops","2018 October","Domestic","Million Litres","642"
"Intake of Cows Milk by Milk Processors and Co-Ops","2018 November","Domestic","Million Litres","461.2"
"Intake of Cows Milk by Milk Processors and Co-Ops","2018 December","Domestic","Million Litres","258.5"
"Intake of Cows Milk by Milk Processors and Co-Ops","2019 January","Domestic","Million Litres","175.3"
"Intake of Cows Milk by Milk Processors and Co-Ops","2019 February","Domestic","Million Litres","303.6"
"Intake of Cows Milk by Milk Processors and Co-Ops","2019 March","Domestic","Million Litres","708.7"
"Intake of Cows Milk by Milk Processors and Co-Ops","2019 April","Domestic","Million Litres","953.3"
"Intake of Cows Milk by Milk Processors and Co-Ops","2019 May","Domestic","Million Litres","1072.2"
"Intake of Cows Milk by Milk Processors and Co-Ops","2019 June","Domestic","Million Litres","1001"
"Intake of Cows Milk by Milk Processors and Co-Ops","2019 July","Domestic","Million Litres","943.2"
"Intake of Cows Milk by Milk Processors and Co-Ops","2019 August","Domestic","Million Litres","842.8"
"Intake of Cows Milk by Milk Processors and Co-Ops","2019 September","Domestic","Million Litres","721.9"
"Intake of Cows Milk by Milk Processors and Co-Ops","2019 October","Domestic","Million Litres","604.7"
"Intake of Cows Milk by Milk Processors and Co-Ops","2019 November","Domestic","Million Litres","418.1"
"Intake of Cows Milk by Milk Processors and Co-Ops","2019 December","Domestic","Million Litres","241.4"
"Intake of Cows Milk by Milk Processors and Co-Ops","2020 January","Domestic","Million Litres","176.2"
"Intake of Cows Milk by Milk Processors and Co-Ops","2020 February","Domestic","Million Litres","331.7"
"Intake of Cows Milk by Milk Processors and Co-Ops","2020 March","Domestic","Million Litres","725.7"
"Intake of Cows Milk by Milk Processors and Co-Ops","2020 April","Domestic","Million Litres","982.7"
"Intake of Cows Milk by Milk Processors and Co-Ops","2020 May","Domestic","Million Litres","1115.3"
"Intake of Cows Milk by Milk Processors and Co-Ops","2020 June","Domestic","Million Litres","1031"
"Intake of Cows Milk by Milk Processors and Co-Ops","2020 July","Domestic","Million Litres","985"
"Intake of Cows Milk by Milk Processors and Co-Ops","2020 August","Domestic","Million Litres","867.6"
"Intake of Cows Milk by Milk Processors and Co-Ops","2020 September","Domestic","Million Litres","725.4"
"Intake of Cows Milk by Milk Processors and Co-Ops","2020 October","Domestic","Million Litres","646.8"
"Intake of Cows Milk by Milk Processors and Co-Ops","2020 November","Domestic","Million Litres","449.8"
"Intake of Cows Milk by Milk Processors and Co-Ops","2020 December","Domestic","Million Litres","258.8"
"Intake of Cows Milk by Milk Processors and Co-Ops","2021 January","Domestic","Million Litres","182.2"
"Intake of Cows Milk by Milk Processors and Co-Ops","2021 February","Domestic","Million Litres","352.4"
"Intake of Cows Milk by Milk Processors and Co-Ops","2021 March","Domestic","Million Litres","829.7"
"Intake of Cows Milk by Milk Processors and Co-Ops","2021 April","Domestic","Million Litres","1060.5"
"Intake of Cows Milk by Milk Processors and Co-Ops","2021 May","Domestic","Million Litres","1181"
"Intake of Cows Milk by Milk Processors and Co-Ops","2021 June","Domestic","Million Litres","1067.3"
"Intake of Cows Milk by Milk Processors and Co-Ops","2021 July","Domestic","Million Litres","1017.3"
"Intake of Cows Milk by Milk Processors and Co-Ops","2021 August","Domestic","Million Litres","917.4"
"Intake of Cows Milk by Milk Processors and Co-Ops","2021 September","Domestic","Million Litres","776.7"
"Intake of Cows Milk by Milk Processors and Co-Ops","2021 October","Domestic","Million Litres","649.6"
"Intake of Cows Milk by Milk Processors and Co-Ops","2021 November","Domestic","Million Litres","465.9"
"Intake of Cows Milk by Milk Processors and Co-Ops","2021 December","Domestic","Million Litres","258.5"
"Intake of Cows Milk by Milk Processors and Co-Ops","2022 January","Domestic","Million Litres","183.3"
"Intake of Cows Milk by Milk Processors and Co-Ops","2022 February","Domestic","Million Litres","367.5"
"Intake of Cows Milk by Milk Processors and Co-Ops","2022 March","Domestic","Million Litres","808.6"
"Intake of Cows Milk by Milk Processors and Co-Ops","2022 April","Domestic","Million Litres","1054.6"
"Intake of Cows Milk by Milk Processors and Co-Ops","2022 May","Domestic","Million Litres","1166"
"Intake of Cows Milk by Milk Processors and Co-Ops","2022 June","Domestic","Million Litres","1057.6"
"Intake of Cows Milk by Milk Processors and Co-Ops","2022 July","Domestic","Million Litres","1022.8"
"Intake of Cows Milk by Milk Processors and Co-Ops","2022 August","Domestic","Million Litres","919.01"
"Intake of Cows Milk by Milk Processors and Co-Ops","2022 September","Domestic","Million Litres","785.62"
"Intake of Cows Milk by Milk Processors and Co-Ops","2022 October","Domestic","Million Litres","692.16"
"Intake of Cows Milk by Milk Processors and Co-Ops","2022 November","Domestic","Million Litres","484.86"
"Intake of Cows Milk by Milk Processors and Co-Ops","2022 December","Domestic","Million Litres","282.73"
"Intake of Cows Milk by Milk Processors and Co-Ops","2023 January","Domestic","Million Litres","180.42"
"Intake of Cows Milk by Milk Processors and Co-Ops","2023 February","Domestic","Million Litres","380.98"
"Intake of Cows Milk by Milk Processors and Co-Ops","2023 March","Domestic","Million Litres","801.41"
"Intake of Cows Milk by Milk Processors and Co-Ops","2023 April","Domestic","Million Litres","1028.03"
"Intake of Cows Milk by Milk Processors and Co-Ops","2023 May","Domestic","Million Litres","1159.04"
"Intake of Cows Milk by Milk Processors and Co-Ops","2023 June","Domestic","Million Litres","1045.5"
"Intake of Cows Milk by Milk Processors and Co-Ops","2023 July","Domestic","Million Litres","1014.5"
"Intake of Cows Milk by Milk Processors and Co-Ops","2023 August","Domestic","Million Litres","909.1"
"Intake of Cows Milk by Milk Processors and Co-Ops","2023 September","Domestic","Million Litres","763.7"
"Intake of Cows Milk by Milk Processors and Co-Ops","2023 October","Domestic","Million Litres","588.67"
"Intake of Cows Milk by Milk Processors and Co-Ops","2023 November","Domestic","Million Litres","381.66"
"Intake of Cows Milk by Milk Processors and Co-Ops","2023 December","Domestic","Million Litres","205.32"
"Intake of Cows Milk by Milk Processors and Co-Ops","2024 January","Domestic","Million Litres","148.47"
"Intake of Cows Milk by Milk Processors and Co-Ops","2024 February","Domestic","Million Litres","351.9"
"Intake of Cows Milk by Milk Processors and Co-Ops","2024 March","Domestic","Million Litres","757.2"
"Intake of Cows Milk by Milk Processors and Co-Ops","2024 April","Domestic","Million Litres","952"
"Intake of Cows Milk by Milk Processors and Co-Ops","2024 May","Domestic","Million Litres","1107.4"
"Intake of Cows Milk by Milk Processors and Co-Ops","2024 June","Domestic","Million Litres","1032.5"
"Intake of Cows Milk by Milk Processors and Co-Ops","2024 July","Domestic","Million Litres","980.7"
